{"./task_2_seed_1_beam_10/scores-test": {"QAHC->P": {"counter": 340, "proof-leaves": {"acc": 0.35, "F1": 0.7872070077931942, "P": 0.9072829131652661, "R": 0.7367058186911124}, "proof-steps": {"acc": 0.24705882352941178, "F1": 0.3327137721947413, "P": 0.3483683473389355, "R": 0.33089285714285704}, "proof-intermediates": {"ROUGE_L_F": 0.7803692577030813, "ROUGE_L_F_perfect_align": 0.43806862745098035, "BLEURT": 0.5641967925429278, "BLEURT_P": 0.6832633053221292, "BLEURT_R": 0.5321234402852054, "BLEURT_F1": 0.5637693031773072, "BLEURT_perfect_align": 0.36518732661965725, "BLEURT_acc": 0.26176470588235295, "BLEURT_acc_perfect_align": 0.8794117647058823, "fraction_perfect_align": 0.40319327731092436}, "proof-overall": {"acc": 0.23529411764705882, "acc_perfect_align": 0.23529411764705882}}}}