{"./task_2_seed_2/scores-test": {"QAHC->P": {"counter": 340, "proof-leaves": {"acc": 0.3, "F1": 0.7898132414288398, "P": 0.9122187208216619, "R": 0.7375578261607667}, "proof-steps": {"acc": 0.21470588235294116, "F1": 0.32933594087573353, "P": 0.3522899159663865, "R": 0.3258987989135047}, "proof-intermediates": {"ROUGE_L_F": 0.7649718137254904, "ROUGE_L_F_perfect_align": 0.3974705882352942, "BLEURT": 0.5297048437092791, "BLEURT_P": 0.6695168067226892, "BLEURT_R": 0.5213507978949157, "BLEURT_F1": 0.5518385239575256, "BLEURT_perfect_align": 0.3142921397772928, "BLEURT_acc": 0.2529411764705882, "BLEURT_acc_perfect_align": 0.8676470588235294, "fraction_perfect_align": 0.365483193277311}, "proof-overall": {"acc": 0.2088235294117647, "acc_perfect_align": 0.2088235294117647}}}}