{"./task_2_seed_1/scores-test": {"QAHC->P": {"counter": 340, "proof-leaves": {"acc": 0.31176470588235294, "F1": 0.7883823520567739, "P": 0.9117775443510739, "R": 0.7352840378575669}, "proof-steps": {"acc": 0.22058823529411764, "F1": 0.34122903144529476, "P": 0.3655252100840336, "R": 0.33810818266700615}, "proof-intermediates": {"ROUGE_L_F": 0.7674424019607843, "ROUGE_L_F_perfect_align": 0.40813725490196084, "BLEURT": 0.5287237303403234, "BLEURT_P": 0.665546218487395, "BLEURT_R": 0.5237376920465158, "BLEURT_F1": 0.5530956407938511, "BLEURT_perfect_align": 0.32764636047147944, "BLEURT_acc": 0.2676470588235294, "BLEURT_acc_perfect_align": 0.8705882352941177, "fraction_perfect_align": 0.37406162464986004}, "proof-overall": {"acc": 0.21176470588235294, "acc_perfect_align": 0.21176470588235294}}}}