{"./task_1_seed_1/scores-test": {"QAHC->P": {"counter": 340, "proof-leaves": {"acc": 0.9205882352941176, "F1": 0.9840005230539544, "P": 1.0, "R": 0.9747128851540614}, "proof-steps": {"acc": 0.3352941176470588, "F1": 0.4565975630836314, "P": 0.45660650623885934, "R": 0.46101689160512693}, "proof-intermediates": {"ROUGE_L_F": 0.7912766106442578, "ROUGE_L_F_perfect_align": 0.7603539215686276, "BLEURT": 0.5597970368959646, "BLEURT_P": 0.7059081359816652, "BLEURT_R": 0.6376437696290639, "BLEURT_F1": 0.6530896258683583, "BLEURT_perfect_align": 0.6935731528463825, "BLEURT_acc": 0.34411764705882353, "BLEURT_acc_perfect_align": 0.8264705882352941, "fraction_perfect_align": 0.5808298319327732}, "proof-overall": {"acc": 0.3029411764705882, "acc_perfect_align": 0.3029411764705882}}}}