{"./scores-test": {"QAHC->P": {"counter": 340, "proof-leaves": {"acc": 0.8764705882352941, "F1": 0.9601229830338828, "P": 0.9970588235294118, "R": 0.9431839402427636}, "proof-steps": {"acc": 0.3205882352941177, "F1": 0.440053396794428, "P": 0.4453524743230626, "R": 0.44158740769034893}, "proof-intermediates": {"ROUGE_L_F": 0.7751704513623631, "ROUGE_L_F_perfect_align": 0.7297132352941178, "BLEURT": 0.5299050721997167, "BLEURT_P": 0.6762191240132415, "BLEURT_R": 0.6050040319157967, "BLEURT_F1": 0.6206851098799442, "BLEURT_perfect_align": 0.6750900127758346, "BLEURT_acc": 0.3235294117647059, "BLEURT_acc_perfect_align": 0.8294117647058824, "fraction_perfect_align": 0.5683029878618113}, "proof-overall": {"acc": 0.2852941176470588, "acc_perfect_align": 0.2852941176470588}}}}