{"./scores-dev": {"QAHC->P": {"counter": 187, "proof-leaves": {"acc": 0.9411764705882353, "F1": 0.9774404623509484, "P": 0.9946524064171123, "R": 0.969803844402775}, "proof-steps": {"acc": 0.3689839572192513, "F1": 0.4798875609176764, "P": 0.48183940242763784, "R": 0.4818123943792395}, "proof-intermediates": {"ROUGE_L_F": 0.7800380485527544, "ROUGE_L_F_perfect_align": 0.7600445632798574, "BLEURT": 0.5664630173244186, "BLEURT_P": 0.6949282743400391, "BLEURT_R": 0.6621495705720307, "BLEURT_F1": 0.6643249317337169, "BLEURT_perfect_align": 0.6836686228242589, "BLEURT_acc": 0.35294117647058826, "BLEURT_acc_perfect_align": 0.8021390374331551, "fraction_perfect_align": 0.6010016127663188}, "proof-overall": {"acc": 0.32620320855614976, "acc_perfect_align": 0.32620320855614976}}}}