{"./scores-test": {"QAHC->P": {"counter": 340, "proof-leaves": {"acc": 0.7911764705882353, "F1": 0.9220118303703496, "P": 0.9588235294117647, "R": 0.9015343561667092}, "proof-steps": {"acc": 0.31470588235294117, "F1": 0.4269082328060659, "P": 0.4303038791274086, "R": 0.42979734317969626}, "proof-intermediates": {"ROUGE_L_F": 0.7593217553688143, "ROUGE_L_F_perfect_align": 0.7840367647058825, "BLEURT": 0.5376472031293124, "BLEURT_P": 0.6756055300908244, "BLEURT_R": 0.587904995331466, "BLEURT_F1": 0.6099314733285756, "BLEURT_perfect_align": 0.7347909743326038, "BLEURT_acc": 0.3088235294117647, "BLEURT_acc_perfect_align": 0.8205882352941176, "fraction_perfect_align": 0.5870494864612513}, "proof-overall": {"acc": 0.27647058823529413, "acc_perfect_align": 0.27647058823529413}}}}