{"./task_1_seed_0/scores-test": {"QAHC->P": {"counter": 340, "proof-leaves": {"acc": 0.9, "F1": 0.9824640856351642, "P": 1.0, "R": 0.9718382352941178}, "proof-steps": {"acc": 0.35, "F1": 0.4666166616321418, "P": 0.46680141753671184, "R": 0.4710064935064936}, "proof-intermediates": {"ROUGE_L_F": 0.7974922969187677, "ROUGE_L_F_perfect_align": 0.858341666666667, "BLEURT": 0.5689077907712478, "BLEURT_P": 0.7136707410236819, "BLEURT_R": 0.6370007851625502, "BLEURT_F1": 0.6554875106755579, "BLEURT_perfect_align": 0.8154367556745257, "BLEURT_acc": 0.34411764705882353, "BLEURT_acc_perfect_align": 0.8117647058823529, "fraction_perfect_align": 0.6344351073762837}, "proof-overall": {"acc": 0.3058823529411765, "acc_perfect_align": 0.3058823529411765}}}}