{"./task_2_seed_0/scores-test": {"QAHC->P": {"counter": 340, "proof-leaves": {"acc": 0.3, "F1": 0.7866115574918617, "P": 0.9127579365079366, "R": 0.7302258933876576}, "proof-steps": {"acc": 0.21764705882352942, "F1": 0.33258524059562156, "P": 0.3543977591036414, "R": 0.33001644597232827}, "proof-intermediates": {"ROUGE_L_F": 0.7685002450980392, "ROUGE_L_F_perfect_align": 0.4056764705882353, "BLEURT": 0.5312172751174847, "BLEURT_P": 0.6678011204481794, "BLEURT_R": 0.5189337704778885, "BLEURT_F1": 0.5507187769810011, "BLEURT_perfect_align": 0.31922741189562515, "BLEURT_acc": 0.26176470588235295, "BLEURT_acc_perfect_align": 0.8676470588235294, "fraction_perfect_align": 0.36964985994397764}, "proof-overall": {"acc": 0.21176470588235294, "acc_perfect_align": 0.21176470588235294}}}}