{"./task_2_seed_0_beam_10/scores-test": {"QAHC->P": {"counter": 340, "proof-leaves": {"acc": 0.3382352941176471, "F1": 0.782512630103461, "P": 0.9137640056022407, "R": 0.7284081359816652}, "proof-steps": {"acc": 0.24411764705882352, "F1": 0.33807181380710816, "P": 0.35725490196078424, "R": 0.33640406162464975}, "proof-intermediates": {"ROUGE_L_F": 0.7787746732026143, "ROUGE_L_F_perfect_align": 0.44283088235294127, "BLEURT": 0.5660400088526328, "BLEURT_P": 0.6935224089635855, "BLEURT_R": 0.5286501570325104, "BLEURT_F1": 0.5640381932645364, "BLEURT_perfect_align": 0.36378003824137006, "BLEURT_acc": 0.2735294117647059, "BLEURT_acc_perfect_align": 0.8823529411764706, "fraction_perfect_align": 0.40011437908496733}, "proof-overall": {"acc": 0.23529411764705882, "acc_perfect_align": 0.23529411764705882}}}}