{"./task_1_seed_2/scores-test": {"QAHC->P": {"counter": 340, "proof-leaves": {"acc": 0.9147058823529411, "F1": 0.9826419796365876, "P": 1.0, "R": 0.9728520499108734}, "proof-steps": {"acc": 0.3235294117647059, "F1": 0.4459706654714396, "P": 0.44601827094474167, "R": 0.4502058399117223}, "proof-intermediates": {"ROUGE_L_F": 0.7918187324929972, "ROUGE_L_F_perfect_align": 0.7614715686274512, "BLEURT": 0.5614093797756547, "BLEURT_P": 0.7098227018079958, "BLEURT_R": 0.6364182794329855, "BLEURT_F1": 0.6535375479035012, "BLEURT_perfect_align": 0.6931127084537826, "BLEURT_acc": 0.3382352941176471, "BLEURT_acc_perfect_align": 0.8294117647058824, "fraction_perfect_align": 0.5812219887955183}, "proof-overall": {"acc": 0.29411764705882354, "acc_perfect_align": 0.29411764705882354}}}}