{"./task_2_seed_2_beam_10/scores-test": {"QAHC->P": {"counter": 340, "proof-leaves": {"acc": 0.34705882352941175, "F1": 0.7860229059473278, "P": 0.9156676003734828, "R": 0.7305222391987095}, "proof-steps": {"acc": 0.25588235294117645, "F1": 0.34016963332707295, "P": 0.35856442577030806, "R": 0.33748249299719885}, "proof-intermediates": {"ROUGE_L_F": 0.786462149859944, "ROUGE_L_F_perfect_align": 0.44945588235294115, "BLEURT": 0.5832393844898124, "BLEURT_P": 0.6991456582633053, "BLEURT_R": 0.5303400602665315, "BLEURT_F1": 0.5677297225533275, "BLEURT_perfect_align": 0.3835511296713615, "BLEURT_acc": 0.2735294117647059, "BLEURT_acc_perfect_align": 0.888235294117647, "fraction_perfect_align": 0.4096638655462185}, "proof-overall": {"acc": 0.24705882352941178, "acc_perfect_align": 0.24705882352941178}}}}